<?xml version="1.0" encoding="UTF-8" ?>
<!DOCTYPE mapper
PUBLIC "-//mybatis.org//DTD Mapper 3.0//EN"
"http://mybatis.org/dtd/mybatis-3-mapper.dtd">
<mapper namespace="com.ruoyi.system.mapper.SysFileInfoMapper">
    
    <resultMap type="SysFileInfo" id="SysFileInfoResult">
        <result property="fileId"    column="file_id"    />
        <result property="fileName"    column="file_name"    />
        <result property="filePath"    column="file_path"    />
    </resultMap>

    <sql id="selectSysFileInfoVo">
        select file_id, file_name, file_path from sys_file_info
    </sql>

    <select id="selectSysFileInfoList" parameterType="SysFileInfo" resultMap="SysFileInfoResult">
        <include refid="selectSysFileInfoVo"/>
        <where>  
            <if test="fileName != null  and fileName != ''"> and file_name like concat('%', #{fileName}, '%')</if>
            <if test="filePath != null  and filePath != ''"> and file_path = #{filePath}</if>
        </where>
    </select>
    
    <select id="selectSysFileInfoByFileId" parameterType="Long" resultMap="SysFileInfoResult">
        <include refid="selectSysFileInfoVo"/>
        where file_id = #{fileId}
    </select>
        
    <insert id="insertSysFileInfo" parameterType="SysFileInfo" useGeneratedKeys="true" keyProperty="fileId">
        insert into sys_file_info
        <trim prefix="(" suffix=")" suffixOverrides=",">
            <if test="fileName != null">file_name,</if>
            <if test="filePath != null">file_path,</if>
         </trim>
        <trim prefix="values (" suffix=")" suffixOverrides=",">
            <if test="fileName != null">#{fileName},</if>
            <if test="filePath != null">#{filePath},</if>
         </trim>
    </insert>

    <update id="updateSysFileInfo" parameterType="SysFileInfo">
        update sys_file_info
        <trim prefix="SET" suffixOverrides=",">
            <if test="fileName != null">file_name = #{fileName},</if>
            <if test="filePath != null">file_path = #{filePath},</if>
        </trim>
        where file_id = #{fileId}
    </update>

    <delete id="deleteSysFileInfoByFileId" parameterType="Long">
        delete from sys_file_info where file_id = #{fileId}
    </delete>

    <delete id="deleteSysFileInfoByFileIds" parameterType="String">
        delete from sys_file_info where file_id in 
        <foreach item="fileId" collection="array" open="(" separator="," close=")">
            #{fileId}
        </foreach>
    </delete>
</mapper>