<?xml version="1.0" encoding="UTF-8" ?>
<!DOCTYPE mapper
PUBLIC "-//mybatis.org//DTD Mapper 3.0//EN"
"http://mybatis.org/dtd/mybatis-3-mapper.dtd">
<mapper namespace="com.ruoyi.system.mapper.SysJiageInfoMapper">
    
    <resultMap type="SysJiageInfo" id="SysJiageInfoResult">
        <result property="fileId"    column="file_id"    />
        <result property="fileJiage"    column="file_jiage"    />
        <result property="fileShijidaima"    column="file_shijidaima"    />
        <result property="fileZuozhongjiage"    column="file_zuozhongjiage"    />
    </resultMap>

    <sql id="selectSysJiageInfoVo">
        select file_id, file_jiage, file_shijidaima, file_zuozhongjiage from sys_jiage_info
    </sql>

    <select id="selectSysJiageInfoList" parameterType="SysJiageInfo" resultMap="SysJiageInfoResult">
        <include refid="selectSysJiageInfoVo"/>
        <where>  
            <if test="fileJiage != null "> and file_jiage = #{fileJiage}</if>
            <if test="fileShijidaima != null  and fileShijidaima != ''"> and file_shijidaima = #{fileShijidaima}</if>
            <if test="fileZuozhongjiage != null "> and file_zuozhongjiage = #{fileZuozhongjiage}</if>
        </where>
    </select>
    
    <select id="selectSysJiageInfoByFileId" parameterType="Long" resultMap="SysJiageInfoResult">
        <include refid="selectSysJiageInfoVo"/>
        where file_id = #{fileId}
    </select>
        
    <insert id="insertSysJiageInfo" parameterType="SysJiageInfo" useGeneratedKeys="true" keyProperty="fileId">
        insert into sys_jiage_info
        <trim prefix="(" suffix=")" suffixOverrides=",">
            <if test="fileJiage != null">file_jiage,</if>
            <if test="fileShijidaima != null">file_shijidaima,</if>
            <if test="fileZuozhongjiage != null">file_zuozhongjiage,</if>
         </trim>
        <trim prefix="values (" suffix=")" suffixOverrides=",">
            <if test="fileJiage != null">#{fileJiage},</if>
            <if test="fileShijidaima != null">#{fileShijidaima},</if>
            <if test="fileZuozhongjiage != null">#{fileZuozhongjiage},</if>
         </trim>
    </insert>

    <update id="updateSysJiageInfo" parameterType="SysJiageInfo">
        update sys_jiage_info
        <trim prefix="SET" suffixOverrides=",">
            <if test="fileJiage != null">file_jiage = #{fileJiage},</if>
            <if test="fileShijidaima != null">file_shijidaima = #{fileShijidaima},</if>
            <if test="fileZuozhongjiage != null">file_zuozhongjiage = #{fileZuozhongjiage},</if>
        </trim>
        where file_id = #{fileId}
    </update>

    <delete id="deleteSysJiageInfoByFileId" parameterType="Long">
        delete from sys_jiage_info where file_id = #{fileId}
    </delete>

    <delete id="deleteSysJiageInfoByFileIds" parameterType="String">
        delete from sys_jiage_info where file_id in 
        <foreach item="fileId" collection="array" open="(" separator="," close=")">
            #{fileId}
        </foreach>
    </delete>
</mapper>